,predictions,prob_0,prob_1,labels
0,1,0.49601007,0.50398993,1.0
1,0,0.8783373,0.121662654,0.0
2,0,0.9465231,0.0534769,1.0
3,0,0.930006,0.06999396,0.0
4,0,0.5076553,0.49234468,1.0
5,0,0.9845363,0.015463734,0.0
6,0,0.9782497,0.021750275,0.0
7,0,0.9190626,0.080937386,0.0
8,0,0.90790796,0.09209205,0.0
9,0,0.9706765,0.029323513,0.0
10,0,0.96743834,0.032561652,0.0
11,0,0.93913287,0.060867112,0.0
12,1,0.4169292,0.5830708,1.0
13,0,0.9227151,0.077284865,0.0
14,0,0.9184004,0.08159962,0.0
15,0,0.9589418,0.04105818,0.0
16,0,0.79424053,0.20575945,0.0
17,0,0.94451815,0.055481855,0.0
18,0,0.9040622,0.09593777,0.0
19,0,0.9255172,0.074482806,0.0
20,0,0.91874015,0.08125988,0.0
21,0,0.84904724,0.15095274,0.0
22,0,0.75986135,0.24013868,0.0
23,0,0.85487753,0.14512248,0.0
24,0,0.96510386,0.03489613,0.0
25,0,0.9544864,0.045513574,0.0
26,0,0.8365966,0.16340336,1.0
27,0,0.9467818,0.05321816,0.0
28,0,0.9303507,0.06964929,0.0
29,0,0.8661623,0.13383768,0.0
30,0,0.9258464,0.074153595,0.0
31,0,0.96510386,0.03489613,0.0
32,0,0.51342416,0.4865758,1.0
33,0,0.7200097,0.2799903,1.0
34,0,0.96510386,0.03489613,0.0
35,0,0.8777788,0.12222119,0.0
36,0,0.8799655,0.1200345,0.0
37,1,0.41770452,0.5822955,1.0
38,0,0.9845363,0.015463734,0.0
39,0,0.756931,0.24306901,0.0
40,0,0.8132843,0.18671575,1.0
41,0,0.8132843,0.18671575,1.0
42,0,0.93864477,0.061355237,0.0
43,0,0.6944929,0.30550712,1.0
44,0,0.9465231,0.0534769,0.0
45,0,0.8684985,0.13150148,0.0
46,0,0.94096804,0.059031967,0.0
47,0,0.9109122,0.08908778,1.0
48,0,0.81696916,0.18303084,0.0
49,0,0.8001545,0.19984548,0.0
50,0,0.9558958,0.044104222,0.0
51,0,0.9379015,0.06209852,0.0
52,0,0.7201693,0.27983072,1.0
53,0,0.71440166,0.28559834,1.0
54,0,0.8986916,0.10130843,0.0
55,0,0.87792087,0.122079164,0.0
56,0,0.89511436,0.104885615,0.0
57,1,0.35934675,0.64065325,0.0
58,0,0.88963735,0.110362634,1.0
59,0,0.9258464,0.074153595,0.0
60,0,0.8752825,0.12471746,0.0
61,0,0.9258464,0.074153595,0.0
62,0,0.930006,0.06999396,0.0
63,0,0.6908932,0.30910683,0.0
64,0,0.84876955,0.15123044,0.0
65,0,0.93947315,0.060526844,0.0
66,0,0.9930926,0.006907406,1.0
67,0,0.9727763,0.02722373,0.0
68,0,0.930006,0.06999396,0.0
69,1,0.31254476,0.68745524,0.0
70,0,0.6801238,0.31987622,0.0
71,0,0.75167793,0.24832208,1.0
72,0,0.9782497,0.021750275,0.0
73,0,0.808193,0.19180696,1.0
74,0,0.9711439,0.028856117,0.0
75,0,0.82080144,0.17919855,0.0
76,0,0.80158573,0.19841425,0.0
77,0,0.9144717,0.0855283,0.0
78,0,0.8458902,0.15410978,0.0
79,0,0.9465231,0.0534769,0.0
80,0,0.8081994,0.19180058,1.0
81,0,0.9820599,0.017940123,0.0
82,0,0.9040622,0.09593777,0.0
83,0,0.6642846,0.33571544,1.0
84,0,0.96510386,0.03489613,0.0
85,0,0.9845363,0.015463734,0.0
86,1,0.010498941,0.98950106,1.0
87,0,0.9465231,0.0534769,0.0
88,0,0.95094985,0.04905014,0.0
89,0,0.8229383,0.17706168,1.0
90,0,0.9782497,0.021750275,0.0
91,0,0.874306,0.12569399,0.0
92,0,0.857569,0.14243105,0.0
93,0,0.846085,0.153915,0.0
94,1,0.22266185,0.77733815,1.0
95,0,0.930006,0.06999396,0.0
96,0,0.6058264,0.39417362,0.0
97,0,0.6773305,0.32266954,0.0
98,0,0.96510386,0.03489613,0.0
99,1,0.040269077,0.9597309,0.0
100,1,0.30269927,0.69730073,0.0
101,0,0.5713818,0.42861816,0.0
102,0,0.7078086,0.29219142,1.0
103,0,0.85250354,0.14749648,0.0
104,0,0.93947315,0.060526844,0.0
105,0,0.89740694,0.10259309,0.0
106,0,0.9040622,0.09593777,0.0
107,0,0.91958547,0.08041452,0.0
108,0,0.9301009,0.06989907,1.0
109,0,0.96510386,0.03489613,0.0
110,0,0.91132027,0.08867973,1.0
111,1,0.15939748,0.8406025,1.0
112,0,0.9027096,0.09729039,0.0
113,0,0.7065749,0.29342508,1.0
114,0,0.8991234,0.10087665,0.0
115,0,0.94096804,0.059031967,0.0
116,1,0.21353626,0.78646374,0.0
117,0,0.9790896,0.0209104,0.0
118,0,0.68506706,0.3149329,0.0
119,0,0.94823927,0.051760726,1.0
120,0,0.95094985,0.04905014,0.0
121,1,0.28197974,0.71802026,1.0
122,0,0.739575,0.26042494,1.0
123,1,0.083660066,0.91633993,0.0
124,0,0.71463025,0.28536975,0.0
125,0,0.9040622,0.09593777,0.0
126,0,0.95136184,0.048638158,0.0
127,0,0.9255172,0.074482806,0.0
128,0,0.8576342,0.14236583,0.0
129,0,0.94096804,0.059031967,0.0
130,0,0.88576806,0.11423193,0.0
131,0,0.9012582,0.09874184,0.0
132,0,0.930006,0.06999396,0.0
133,0,0.9078042,0.0921958,0.0
134,0,0.93657756,0.063422434,0.0
135,0,0.93767697,0.062323052,0.0
136,0,0.9258464,0.074153595,0.0
137,0,0.5574047,0.4425953,0.0
138,0,0.9265629,0.07343708,0.0
139,0,0.72129726,0.27870277,0.0
140,0,0.9544864,0.045513574,0.0
141,0,0.88338196,0.11661807,0.0
142,0,0.9577799,0.04222014,0.0
143,0,0.8974445,0.1025555,0.0
144,0,0.7835057,0.21649434,0.0
145,0,0.97491604,0.02508398,0.0
146,0,0.96510386,0.03489613,0.0
147,0,0.83594024,0.16405974,1.0
148,0,0.5994874,0.40051258,0.0
149,0,0.65733016,0.34266984,0.0
150,0,0.8232099,0.1767901,0.0
151,0,0.9845363,0.015463734,0.0
152,0,0.81849205,0.18150796,1.0
153,0,0.8628047,0.1371953,0.0
154,0,0.9255172,0.074482806,0.0
155,0,0.9255172,0.074482806,0.0
156,0,0.8329309,0.16706906,0.0
157,0,0.8574929,0.14250705,1.0
158,0,0.9255172,0.074482806,0.0
159,0,0.9465231,0.0534769,0.0
160,0,0.7706015,0.2293985,0.0
161,0,0.9465231,0.0534769,0.0
162,0,0.8765533,0.123446725,1.0
163,1,0.116936326,0.8830637,0.0
164,0,0.9377945,0.06220548,0.0
165,0,0.7673641,0.23263592,0.0
166,0,0.94096804,0.059031967,0.0
167,0,0.9255172,0.074482806,0.0
168,0,0.75895274,0.24104725,0.0
169,0,0.9465231,0.0534769,0.0
170,0,0.6575479,0.3424521,1.0
171,0,0.65602946,0.34397054,1.0
172,0,0.9048331,0.095166914,0.0
173,0,0.9274998,0.072500214,0.0
174,0,0.93318236,0.06681766,0.0
175,0,0.9845363,0.015463734,0.0
176,0,0.9275162,0.072483756,0.0
177,0,0.88042986,0.11957014,0.0
178,0,0.89187247,0.10812755,0.0
179,0,0.9642425,0.035757456,0.0
180,0,0.82023704,0.17976299,0.0
181,1,0.19418842,0.8058116,1.0
182,1,0.1604538,0.8395462,0.0
183,1,0.24859148,0.7514085,0.0
184,0,0.9040622,0.09593777,0.0
185,1,0.24527383,0.7547262,1.0
186,0,0.8969426,0.10305737,0.0
187,0,0.9465231,0.0534769,0.0
188,1,0.42799103,0.57200897,0.0
189,0,0.6447742,0.35522583,0.0
190,0,0.9763326,0.023667412,0.0
191,0,0.6706162,0.3293838,0.0
192,0,0.9782497,0.021750275,0.0
193,0,0.6408242,0.35917583,0.0
194,0,0.93947315,0.060526844,0.0
195,1,0.23800033,0.76199967,1.0
196,0,0.86531454,0.13468546,1.0
197,0,0.9467818,0.05321816,0.0
198,0,0.9782497,0.021750275,0.0
199,0,0.7803185,0.21968149,0.0
200,0,0.945066,0.054934032,1.0
201,0,0.94096804,0.059031967,0.0
202,0,0.87858164,0.12141836,0.0
203,0,0.8229367,0.1770633,0.0
204,0,0.7085985,0.2914015,0.0
205,0,0.865103,0.13489701,1.0
206,0,0.9896724,0.010327557,0.0
207,0,0.6743455,0.3256545,0.0
208,1,0.42371434,0.57628566,0.0
209,1,0.14910257,0.85089743,0.0
210,0,0.7759022,0.2240978,1.0
211,0,0.8938069,0.10619314,0.0
212,0,0.82080144,0.17919855,1.0
213,0,0.8534898,0.1465102,0.0
214,0,0.9465231,0.0534769,0.0
215,0,0.88338196,0.11661807,0.0
216,0,0.89526284,0.10473717,0.0
217,0,0.899804,0.10019601,0.0
218,1,0.35681456,0.64318544,1.0
219,0,0.87065744,0.12934256,0.0
220,0,0.84282196,0.15717801,0.0
221,0,0.92659163,0.07340835,0.0
222,0,0.7977494,0.20225063,0.0
223,0,0.8991194,0.10088063,0.0
224,0,0.6728236,0.3271764,0.0
225,0,0.96510386,0.03489613,0.0
226,1,0.48878258,0.5112174,1.0
227,0,0.78517157,0.21482842,0.0
228,0,0.9326927,0.06730727,0.0
229,0,0.84789467,0.15210532,0.0
230,0,0.89264405,0.10735593,0.0
231,0,0.70622313,0.2937769,0.0
232,0,0.96510386,0.03489613,0.0
233,0,0.600778,0.399222,0.0
234,0,0.5607608,0.4392392,0.0
235,0,0.91937625,0.080623776,0.0
236,0,0.93947315,0.060526844,0.0
237,0,0.9845363,0.015463734,0.0
238,0,0.7854587,0.2145413,0.0
239,0,0.8900158,0.1099842,1.0
240,0,0.78963375,0.21036623,0.0
241,0,0.95094985,0.04905014,0.0
242,0,0.75359744,0.24640258,0.0
243,0,0.8013976,0.19860236,0.0
244,0,0.7566073,0.24339272,0.0
245,0,0.9258464,0.074153595,0.0
246,0,0.9387538,0.061246224,0.0
247,0,0.9258464,0.074153595,0.0
248,0,0.94096804,0.059031967,0.0
249,0,0.9255172,0.074482806,0.0
250,0,0.894473,0.105527,0.0
251,0,0.930006,0.06999396,0.0
252,0,0.9258464,0.074153595,0.0
253,0,0.9258464,0.074153595,0.0
254,0,0.93947315,0.060526844,0.0
255,0,0.9039526,0.09604743,0.0
256,0,0.88081294,0.11918706,1.0
257,0,0.930006,0.06999396,0.0
258,0,0.9258464,0.074153595,0.0
259,0,0.93774885,0.06225117,0.0
260,0,0.670107,0.32989296,0.0
261,0,0.6473549,0.3526451,0.0
262,0,0.930006,0.06999396,0.0
263,0,0.69876003,0.30123994,0.0
264,0,0.9275162,0.072483756,0.0
265,0,0.962445,0.037554953,0.0
266,0,0.84616137,0.15383865,0.0
267,0,0.9845363,0.015463734,0.0
268,1,0.4824928,0.5175072,0.0
269,0,0.8354139,0.16458611,1.0
270,0,0.6628102,0.33718976,1.0
271,0,0.9006423,0.0993577,0.0
272,0,0.6522281,0.34777185,1.0
273,0,0.7803359,0.2196641,0.0
274,0,0.88967776,0.11032224,0.0
275,0,0.8476337,0.1523663,1.0
276,0,0.81583595,0.18416408,0.0
277,0,0.9305092,0.06949079,0.0
278,0,0.9465231,0.0534769,0.0
279,0,0.9258464,0.074153595,0.0
280,0,0.79196405,0.20803598,0.0
281,1,0.35632938,0.6436706,1.0
282,0,0.87835354,0.12164648,0.0
283,0,0.9697103,0.030289687,0.0
284,0,0.9338389,0.066161096,0.0
285,0,0.95386547,0.04613454,0.0
286,0,0.829098,0.170902,0.0
287,0,0.817834,0.18216597,0.0
288,0,0.96510386,0.03489613,0.0
289,0,0.93767697,0.062323052,0.0
290,0,0.746772,0.253228,0.0
291,0,0.94096804,0.059031967,0.0
292,0,0.9413775,0.0586225,0.0
293,0,0.94252294,0.057477057,0.0
294,0,0.7348623,0.26513767,0.0
295,0,0.9324743,0.06752567,0.0
296,0,0.7939805,0.2060195,0.0
297,0,0.8991194,0.10088063,0.0
298,1,0.2739728,0.7260272,0.0
299,0,0.87065744,0.12934256,0.0
300,0,0.6848427,0.3151573,0.0
301,0,0.90389895,0.09610105,0.0
302,0,0.98509574,0.014904284,0.0
303,1,0.22650182,0.7734982,1.0
304,0,0.7360057,0.26399428,1.0
305,0,0.96510386,0.03489613,0.0
306,0,0.80704653,0.19295347,1.0
307,0,0.963258,0.036741946,0.0
308,1,0.16623038,0.8337696,1.0
309,0,0.9258464,0.074153595,0.0
310,0,0.7534132,0.24658683,0.0
311,1,0.43033236,0.56966764,1.0
312,0,0.899804,0.10019601,0.0
313,0,0.8445132,0.15548682,0.0
314,0,0.7991547,0.20084532,1.0
315,0,0.71207535,0.28792462,0.0
316,0,0.9702589,0.029741107,0.0
317,0,0.65465224,0.34534776,1.0
318,0,0.85701114,0.14298888,0.0
319,0,0.8154404,0.18455955,0.0
320,0,0.93073213,0.06926789,0.0
321,1,0.46823084,0.53176916,1.0
322,0,0.71236086,0.28763914,0.0
323,0,0.93947315,0.060526844,0.0
324,0,0.96496797,0.035032023,0.0
325,0,0.6147075,0.38529247,1.0
326,0,0.88284737,0.11715265,1.0
327,0,0.9255172,0.074482806,0.0
328,0,0.96403855,0.03596143,0.0
329,0,0.87963855,0.120361455,0.0
330,1,0.40094596,0.59905404,1.0
331,0,0.59858614,0.40141386,1.0
332,0,0.94096804,0.059031967,0.0
333,0,0.71243644,0.28756356,0.0
334,0,0.9211966,0.078803435,1.0
335,0,0.9527754,0.04722457,1.0
336,0,0.9040622,0.09593777,0.0
337,0,0.98205954,0.017940475,0.0
338,0,0.71713257,0.28286746,1.0
339,0,0.99175256,0.008247432,0.0
340,0,0.65504426,0.34495574,1.0
341,0,0.8850717,0.11492828,1.0
342,0,0.82329774,0.17670225,0.0
343,1,0.34613347,0.6538665,1.0
344,0,0.8719928,0.12800719,0.0
345,0,0.9275162,0.072483756,0.0
346,0,0.5998584,0.40014163,1.0
347,0,0.91728073,0.08271928,0.0
348,0,0.9040622,0.09593777,1.0
349,0,0.9211966,0.078803435,0.0
350,1,0.4664318,0.5335682,0.0
351,0,0.90822893,0.09177107,0.0
352,1,0.33001614,0.66998386,0.0
353,0,0.8690376,0.13096237,0.0
354,0,0.85520804,0.14479195,0.0
355,0,0.79737693,0.20262307,0.0
356,0,0.9455745,0.05442546,0.0
357,1,0.081287384,0.9187126,0.0
358,0,0.930006,0.06999396,0.0
359,0,0.930006,0.06999396,0.0
360,0,0.9782497,0.021750275,0.0
361,0,0.93947315,0.060526844,0.0
362,0,0.84427035,0.15572962,0.0
363,0,0.6849898,0.31501016,1.0
364,0,0.9211966,0.078803435,0.0
365,0,0.9144904,0.085509576,0.0
366,0,0.92499274,0.075007275,0.0
367,0,0.951085,0.048915047,0.0
368,0,0.7437555,0.25624448,0.0
369,0,0.9782497,0.021750275,0.0
370,1,0.2832836,0.7167164,0.0
371,1,0.382703,0.617297,0.0
372,0,0.5150833,0.48491666,0.0
373,0,0.9090307,0.090969324,0.0
374,0,0.98205954,0.017940475,0.0
375,0,0.7985448,0.20145518,0.0
376,0,0.80681854,0.19318144,0.0
377,0,0.5884894,0.41151062,0.0
378,0,0.94096804,0.059031967,0.0
379,0,0.9465231,0.0534769,1.0
380,0,0.81952155,0.18047845,1.0
381,0,0.7662953,0.2337047,0.0
382,0,0.9481083,0.05189171,0.0
383,0,0.8583509,0.14164913,0.0
384,0,0.8290565,0.17094351,0.0
385,0,0.93657756,0.063422434,0.0
386,0,0.82497346,0.1750265,0.0
387,0,0.8391675,0.16083254,0.0
388,1,0.49774688,0.5022531,1.0
389,0,0.81143916,0.18856087,0.0
390,0,0.60166496,0.39833504,0.0
391,0,0.9465231,0.0534769,0.0
392,0,0.9845363,0.015463734,0.0
393,0,0.9255172,0.074482806,0.0
394,0,0.832083,0.16791704,1.0
395,0,0.930006,0.06999396,0.0
396,0,0.9516862,0.04831381,0.0
397,0,0.7314549,0.2685451,0.0
398,0,0.97670895,0.02329108,0.0
399,0,0.91426086,0.08573916,0.0
400,0,0.9366304,0.06336959,0.0
401,0,0.93736994,0.06263004,0.0
402,0,0.87085176,0.12914823,0.0
403,0,0.8257035,0.17429648,0.0
404,0,0.73442054,0.26557946,1.0
405,0,0.9392599,0.0607401,0.0
406,0,0.930006,0.06999396,0.0
407,0,0.904548,0.09545202,0.0
408,0,0.85314745,0.14685257,0.0
409,0,0.7687471,0.2312529,0.0
410,0,0.874306,0.12569399,0.0
411,0,0.90514016,0.09485986,0.0
412,0,0.8317844,0.16821556,1.0
413,0,0.91327643,0.08672357,0.0
414,0,0.9255172,0.074482806,1.0
415,1,0.3280726,0.6719274,1.0
416,0,0.56935644,0.43064353,0.0
417,0,0.930006,0.06999396,0.0
418,0,0.8559886,0.1440114,0.0
419,0,0.86002815,0.13997187,0.0
420,0,0.548638,0.451362,1.0
421,0,0.83816755,0.16183244,0.0
422,1,0.09918511,0.9008149,1.0
423,0,0.9782497,0.021750275,0.0
424,0,0.8941904,0.10580964,0.0
425,0,0.95215255,0.047847442,0.0
426,0,0.9820599,0.017940123,1.0
427,0,0.9782497,0.021750275,0.0
428,0,0.577142,0.422858,0.0
429,1,0.10351694,0.89648306,1.0
430,0,0.9263872,0.07361284,1.0
431,0,0.9474664,0.052533656,0.0
432,0,0.784783,0.21521696,1.0
433,0,0.9574038,0.04259622,0.0
434,1,0.37863684,0.62136316,0.0
435,0,0.7849538,0.21504624,0.0
436,0,0.829437,0.170563,0.0
437,0,0.8164619,0.1835381,0.0
438,0,0.87473035,0.12526962,0.0
439,0,0.9465231,0.0534769,0.0
440,0,0.85250354,0.14749648,0.0
441,0,0.930006,0.06999396,0.0
442,0,0.9465231,0.0534769,0.0
443,0,0.96246547,0.03753451,0.0
444,0,0.94096804,0.059031967,0.0
445,0,0.7579415,0.24205853,0.0
446,0,0.9794943,0.020505749,0.0
447,0,0.9845363,0.015463734,0.0
448,0,0.84260345,0.15739653,0.0
449,0,0.9711439,0.028856117,0.0
450,0,0.9832533,0.016746689,0.0
451,0,0.86927676,0.13072327,0.0
452,0,0.8164619,0.1835381,0.0
453,0,0.7592262,0.24077377,0.0
454,1,0.2022143,0.7977857,0.0
455,0,0.96876115,0.031238828,0.0
456,0,0.9677004,0.032299604,0.0
457,0,0.81696916,0.18303084,0.0
458,0,0.9346691,0.0653309,0.0
459,0,0.9215685,0.07843152,1.0
460,1,0.16338933,0.8366107,1.0
461,1,0.062966704,0.9370333,0.0
462,0,0.756931,0.24306901,0.0
463,0,0.8723448,0.1276552,0.0
464,0,0.930006,0.06999396,0.0
465,0,0.77981734,0.22018264,1.0
466,0,0.9832533,0.016746689,0.0
467,0,0.9696872,0.030312778,0.0
468,0,0.5943314,0.40566862,0.0
469,0,0.820517,0.179483,0.0
470,0,0.9035682,0.096431784,0.0
471,0,0.72536755,0.27463245,0.0
472,0,0.9213314,0.07866857,0.0
473,0,0.85827255,0.14172743,0.0
474,0,0.7887082,0.21129179,1.0
475,1,0.045155883,0.9548441,0.0
476,0,0.9661962,0.033803824,0.0
477,0,0.5455056,0.45449442,1.0
478,0,0.94096804,0.059031967,0.0
479,0,0.8132843,0.18671575,0.0
480,0,0.9069339,0.09306611,1.0
481,0,0.96510386,0.03489613,0.0
482,0,0.9258464,0.074153595,0.0
483,0,0.8542626,0.14573742,0.0
484,1,0.08379179,0.9162082,1.0
485,0,0.81396663,0.18603337,0.0
486,0,0.78426474,0.21573527,0.0
487,0,0.9040622,0.09593777,0.0
488,0,0.9633888,0.036611203,0.0
489,0,0.95094985,0.04905014,1.0
490,0,0.8701746,0.1298254,0.0
491,0,0.8862583,0.11374169,0.0
492,0,0.99114555,0.008854428,0.0
493,0,0.9255172,0.074482806,1.0
494,0,0.899804,0.10019601,0.0
495,0,0.9692621,0.030737894,0.0
496,0,0.93947315,0.060526844,1.0
497,0,0.7623913,0.23760866,0.0
498,0,0.91854405,0.08145596,0.0
499,0,0.8576342,0.14236583,0.0
500,0,0.930006,0.06999396,0.0
501,0,0.92062265,0.07937737,0.0
502,0,0.899804,0.10019601,0.0
503,0,0.88603836,0.113961615,0.0
504,1,0.22777069,0.7722293,1.0
505,0,0.9782497,0.021750275,0.0
506,0,0.9148769,0.085123144,0.0
507,0,0.88969076,0.11030927,0.0
508,1,0.44188702,0.558113,0.0
509,0,0.9416557,0.058344293,0.0
510,0,0.9506113,0.049388688,0.0
511,0,0.94745064,0.052549385,0.0
512,0,0.7133763,0.28662372,1.0
513,0,0.630738,0.36926195,0.0
514,0,0.86288357,0.1371164,1.0
515,0,0.9258464,0.074153595,0.0
516,0,0.81772023,0.18227978,0.0
517,0,0.9467818,0.05321816,0.0
518,1,0.27606964,0.72393036,0.0
519,0,0.96510386,0.03489613,0.0
520,0,0.8177407,0.18225932,0.0
521,0,0.8859042,0.1140958,1.0
522,1,0.2539819,0.7460181,0.0
523,0,0.892833,0.10716698,0.0
524,0,0.98236996,0.017630022,0.0
525,0,0.86531454,0.13468546,0.0
526,0,0.89379025,0.10620973,0.0
527,0,0.7141063,0.2858937,1.0
528,0,0.94823927,0.051760726,0.0
529,0,0.9475399,0.052460052,1.0
530,1,0.33525544,0.66474456,0.0
531,0,0.8275224,0.17247762,0.0
532,0,0.84430635,0.15569367,0.0
533,0,0.76939416,0.23060583,0.0
534,1,0.4223116,0.5776884,1.0
535,0,0.8991194,0.10088063,1.0
536,0,0.8239572,0.17604278,0.0
537,0,0.7592262,0.24077377,0.0
538,0,0.9166415,0.083358504,0.0
539,0,0.89740694,0.10259309,0.0
540,0,0.7386011,0.2613989,1.0
541,0,0.96510386,0.03489613,0.0
542,0,0.9482629,0.051737152,0.0
543,0,0.94823927,0.051760726,0.0
544,1,0.21192706,0.78807294,1.0
545,0,0.7056509,0.29434904,0.0
546,0,0.9727763,0.02722373,0.0
547,0,0.8203012,0.1796988,0.0
548,0,0.7496768,0.25032315,0.0
549,0,0.9510714,0.048928626,0.0
550,1,0.10287285,0.89712715,0.0
551,0,0.80283904,0.19716097,0.0
552,0,0.88032675,0.11967323,0.0
553,0,0.8769168,0.12308318,0.0
554,0,0.96510386,0.03489613,0.0
555,0,0.9465231,0.0534769,0.0
556,0,0.86941195,0.13058807,0.0
557,0,0.87785167,0.12214836,0.0
558,0,0.8714551,0.12854493,0.0
559,0,0.9845363,0.015463734,0.0
560,0,0.82221633,0.17778367,1.0
561,0,0.899804,0.10019601,0.0
562,0,0.97913885,0.02086117,0.0
563,0,0.9078042,0.0921958,0.0
564,0,0.9820599,0.017940123,0.0
565,0,0.815892,0.184108,1.0
566,1,0.15375412,0.8462459,0.0
567,0,0.968663,0.03133704,0.0
568,0,0.80962664,0.19037335,1.0
569,0,0.864638,0.13536206,0.0
570,0,0.7916168,0.20838323,0.0
571,1,0.36425155,0.63574845,1.0
572,0,0.930006,0.06999396,0.0
573,0,0.91868263,0.08131736,0.0
574,0,0.84711826,0.15288174,0.0
575,0,0.94096804,0.059031967,0.0
576,0,0.9258464,0.074153595,0.0
577,0,0.81696916,0.18303084,0.0
578,0,0.874309,0.12569098,0.0
579,0,0.9258464,0.074153595,0.0
580,0,0.7895843,0.21041574,0.0
581,0,0.85314745,0.14685257,0.0
582,0,0.9227151,0.077284865,0.0
583,0,0.821922,0.17807798,0.0
584,0,0.61143,0.38857,1.0
585,0,0.95094985,0.04905014,0.0
586,0,0.69580185,0.30419812,1.0
587,0,0.93293047,0.06706956,0.0
588,0,0.93767697,0.062323052,0.0
589,0,0.9406715,0.05932851,0.0
590,1,0.2059924,0.7940076,1.0
591,0,0.80260336,0.19739664,1.0
592,0,0.96510386,0.03489613,0.0
593,0,0.5251764,0.4748236,0.0
594,0,0.8559878,0.14401224,1.0
595,1,0.23361486,0.76638514,0.0
596,0,0.9258464,0.074153595,0.0
597,0,0.9674121,0.03258786,0.0
598,0,0.9711439,0.028856117,0.0
599,1,0.11715329,0.8828467,1.0
600,1,0.23583412,0.7641659,1.0
601,0,0.9334587,0.0665413,0.0
602,0,0.90225303,0.097746976,0.0
603,0,0.9258464,0.074153595,0.0
604,0,0.930006,0.06999396,0.0
605,1,0.38666934,0.61333066,0.0
606,0,0.53586924,0.46413073,0.0
607,0,0.6033747,0.3966253,0.0
608,0,0.9782497,0.021750275,0.0
609,0,0.9255172,0.074482806,0.0
610,0,0.9649543,0.035045676,0.0
611,0,0.97317415,0.026825838,0.0
612,0,0.94096804,0.059031967,0.0
613,0,0.9782497,0.021750275,0.0
614,0,0.9048331,0.095166914,0.0
615,1,0.48041588,0.5195841,1.0
616,0,0.6085547,0.3914453,0.0
617,0,0.93042713,0.06957285,0.0
618,0,0.670107,0.32989296,1.0
619,0,0.84647477,0.15352523,0.0
620,0,0.6078255,0.3921745,0.0
621,1,0.10951465,0.89048535,0.0
622,0,0.70330286,0.2966971,1.0
623,0,0.9067929,0.093207136,0.0
624,0,0.94096804,0.059031967,0.0
625,0,0.90492535,0.095074676,0.0
626,1,0.18463951,0.8153605,0.0
627,0,0.93913287,0.060867112,0.0
628,0,0.9820599,0.017940123,0.0
629,0,0.9782497,0.021750275,0.0
630,0,0.5595044,0.44049564,0.0
631,1,0.021505237,0.97849476,1.0
632,0,0.6550975,0.3449025,1.0
633,0,0.9068487,0.09315126,0.0
634,0,0.8631019,0.13689812,0.0
635,0,0.751018,0.248982,1.0
636,0,0.93947315,0.060526844,0.0
637,1,0.13034779,0.8696522,0.0
638,0,0.87576926,0.124230765,1.0
639,0,0.9465231,0.0534769,0.0
640,0,0.5047078,0.49529222,0.0
641,0,0.9845363,0.015463734,0.0
642,0,0.5377774,0.46222255,0.0
643,0,0.85749054,0.14250945,0.0
644,0,0.9482629,0.051737152,0.0
645,0,0.94096804,0.059031967,0.0
646,0,0.96510386,0.03489613,0.0
647,0,0.7957521,0.20424788,0.0
648,0,0.7956989,0.20430113,0.0
649,1,0.3718065,0.6281935,0.0
650,0,0.9177122,0.08228781,0.0
651,1,0.28650546,0.71349454,1.0
652,0,0.84858847,0.15141156,0.0
653,0,0.802331,0.19766904,0.0
654,0,0.7252757,0.2747243,0.0
655,0,0.7221526,0.27784738,0.0
656,0,0.9377945,0.06220548,0.0
657,0,0.88785017,0.112149805,0.0
658,0,0.96536964,0.03463037,0.0
659,0,0.879813,0.12018697,0.0
660,0,0.689085,0.310915,1.0
661,0,0.95094985,0.04905014,0.0
662,0,0.8796225,0.12037746,0.0
663,0,0.8870436,0.11295642,0.0
664,1,0.14227945,0.85772055,1.0
665,1,0.3968296,0.6031704,1.0
666,0,0.94096804,0.059031967,0.0
667,0,0.8290565,0.17094351,0.0
668,0,0.5992701,0.4007299,0.0
669,0,0.7377467,0.26225328,0.0
670,0,0.9845363,0.015463734,0.0
671,0,0.704551,0.29544905,0.0
672,0,0.9258464,0.074153595,1.0
673,0,0.930006,0.06999396,0.0
674,0,0.9522586,0.047741387,1.0
675,0,0.5587126,0.4412874,0.0
676,0,0.9465231,0.0534769,1.0
677,0,0.6324147,0.3675853,0.0
678,0,0.80598754,0.19401248,0.0
679,0,0.9108922,0.08910779,0.0
680,0,0.94096804,0.059031967,0.0
681,0,0.9465231,0.0534769,0.0
682,0,0.9275162,0.072483756,0.0
683,0,0.9845363,0.015463734,0.0
684,0,0.9465231,0.0534769,0.0
685,0,0.8384906,0.16150942,0.0
686,1,0.1559335,0.8440665,1.0
687,0,0.88699305,0.11300693,0.0
688,0,0.83398855,0.16601144,0.0
689,0,0.9707424,0.029257623,0.0
690,1,0.24319011,0.7568099,0.0
691,0,0.9845363,0.015463734,0.0
692,0,0.8464824,0.15351762,0.0
693,0,0.9692621,0.030737894,0.0
694,0,0.53393203,0.46606797,0.0
695,0,0.87282604,0.12717395,1.0
696,0,0.94096804,0.059031967,0.0
697,0,0.7865181,0.21348193,0.0
698,0,0.94271183,0.05728814,0.0
699,1,0.25687993,0.7431201,1.0
700,0,0.93312114,0.06687886,0.0
701,0,0.89740694,0.10259309,1.0
702,0,0.86531454,0.13468546,0.0
703,1,0.4940573,0.5059427,0.0
704,1,0.29083735,0.70916265,1.0
705,0,0.9558958,0.044104222,0.0
706,0,0.94823927,0.051760726,0.0
707,0,0.930006,0.06999396,0.0
708,0,0.83153826,0.16846174,1.0
709,0,0.8036059,0.19639409,0.0
710,0,0.7772341,0.2227659,0.0
711,0,0.95387596,0.04612402,0.0
712,0,0.9519807,0.048019286,0.0
713,0,0.88979304,0.11020697,0.0
714,0,0.7323007,0.2676993,0.0
715,0,0.89740694,0.10259309,0.0
716,0,0.87158316,0.12841684,0.0
717,0,0.7392926,0.26070738,0.0
718,0,0.9467818,0.05321816,0.0
719,0,0.5129655,0.4870345,0.0
720,1,0.29638594,0.70361406,0.0
721,0,0.54865617,0.45134383,0.0
722,0,0.8316281,0.16837189,0.0
723,0,0.8647541,0.1352459,1.0
724,0,0.77955014,0.22044988,0.0
725,1,0.4669088,0.5330912,0.0
726,0,0.82857704,0.17142297,0.0
727,0,0.7994667,0.2005333,0.0
728,0,0.856659,0.14334102,1.0
729,0,0.7600086,0.23999144,1.0
730,0,0.97464406,0.025355935,0.0
731,0,0.930006,0.06999396,0.0
732,0,0.5708146,0.42918536,0.0
733,0,0.91848683,0.08151314,0.0
734,0,0.82329774,0.17670225,0.0
735,0,0.9258464,0.074153595,0.0
736,0,0.91228384,0.08771616,0.0
737,0,0.5573571,0.4426429,0.0
738,0,0.85749054,0.14250945,0.0
739,0,0.6772951,0.32270494,1.0
740,1,0.22196501,0.778035,1.0
741,0,0.94096804,0.059031967,0.0
742,0,0.9638539,0.03614613,0.0
743,1,0.40231436,0.59768564,0.0
744,0,0.9184381,0.08156191,0.0
745,0,0.9077894,0.09221057,0.0
746,0,0.9832533,0.016746689,0.0
747,0,0.8858214,0.11417862,0.0
748,0,0.76127774,0.23872225,0.0
749,0,0.9148769,0.085123144,0.0
750,0,0.86531454,0.13468546,0.0
751,0,0.9505164,0.04948362,0.0
752,0,0.87473035,0.12526962,1.0
753,0,0.892833,0.10716698,1.0
754,0,0.9447583,0.05524169,0.0
755,0,0.95094985,0.04905014,0.0
756,0,0.9603305,0.03966949,1.0
757,0,0.9258464,0.074153595,0.0
758,0,0.84079945,0.15920052,0.0
759,0,0.86759925,0.13240075,0.0
760,0,0.6936367,0.30636328,0.0
761,0,0.9115748,0.08842522,0.0
762,0,0.7544257,0.24557431,0.0
763,0,0.85635406,0.14364593,0.0
764,0,0.930006,0.06999396,0.0
765,0,0.9255172,0.074482806,0.0
766,1,0.44687325,0.55312675,0.0
767,0,0.94252294,0.057477057,0.0
768,1,0.49800408,0.5019959,0.0
769,0,0.89169633,0.10830368,0.0
770,1,0.24881834,0.75118166,0.0
771,1,0.4763674,0.5236326,1.0
772,0,0.86545074,0.13454929,0.0
773,0,0.9040622,0.09593777,0.0
774,1,0.34931386,0.65068614,0.0
775,1,0.47828102,0.521719,1.0
776,0,0.930006,0.06999396,0.0
777,0,0.9258464,0.074153595,0.0
778,0,0.91937625,0.080623776,0.0
779,0,0.8821425,0.11785749,1.0
780,0,0.7865181,0.21348193,1.0
781,0,0.751157,0.24884303,1.0
782,0,0.9287458,0.07125421,0.0
783,0,0.9844783,0.015521685,0.0
784,0,0.7862154,0.21378455,0.0
785,0,0.9638539,0.03614613,0.0
786,1,0.23941165,0.76058835,0.0
787,1,0.3405109,0.6594891,1.0
788,0,0.80599177,0.19400825,1.0
789,0,0.8952759,0.10472412,0.0
790,0,0.9845363,0.015463734,0.0
791,0,0.9255172,0.074482806,0.0
792,0,0.6016135,0.3983865,0.0
793,0,0.9638539,0.03614613,1.0
794,0,0.9782497,0.021750275,0.0
795,0,0.9465231,0.0534769,0.0
796,0,0.93302244,0.066977575,0.0
797,1,0.41059166,0.58940834,1.0
798,0,0.96510386,0.03489613,0.0
799,0,0.8582506,0.14174935,0.0
800,1,0.27370727,0.7262927,0.0
801,0,0.93802094,0.061979074,0.0
802,0,0.8460597,0.15394035,0.0
803,0,0.9845363,0.015463734,0.0
804,0,0.80260336,0.19739664,1.0
805,0,0.9501029,0.0498971,0.0
806,0,0.9482629,0.051737152,0.0
807,0,0.76635766,0.23364232,0.0
808,0,0.8058547,0.19414532,0.0
809,0,0.7074617,0.29253832,1.0
810,0,0.7262895,0.2737105,0.0
811,0,0.930006,0.06999396,1.0
812,0,0.7335205,0.26647946,0.0
813,0,0.7635716,0.2364284,0.0
814,0,0.93144834,0.06855168,0.0
815,0,0.79251075,0.20748925,0.0
816,1,0.44723898,0.552761,0.0
817,0,0.899804,0.10019601,0.0
818,0,0.58436763,0.4156324,0.0
819,0,0.9258464,0.074153595,0.0
820,0,0.7711772,0.22882284,0.0
821,0,0.9927922,0.0072077913,0.0
822,0,0.8929162,0.10708382,1.0
823,1,0.40083903,0.59916097,1.0
824,0,0.94167393,0.05832609,0.0
825,0,0.96510386,0.03489613,1.0
826,0,0.8474998,0.15250021,1.0
827,0,0.86507976,0.13492024,0.0
828,0,0.9334587,0.0665413,0.0
829,0,0.64428127,0.35571873,0.0
830,0,0.9258464,0.074153595,0.0
831,0,0.9040622,0.09593777,0.0
832,0,0.84315944,0.1568406,0.0
833,0,0.8746732,0.12532683,1.0
834,0,0.9845363,0.015463734,0.0
835,1,0.057236135,0.94276386,1.0
836,0,0.96510386,0.03489613,0.0
837,0,0.7928778,0.20712224,0.0
838,0,0.5595952,0.44040477,0.0
839,0,0.7405236,0.2594764,0.0
840,1,0.15882236,0.84117764,0.0
841,0,0.55256754,0.44743246,0.0
842,0,0.89123523,0.108764745,0.0
843,1,0.112333536,0.88766646,1.0
844,0,0.670107,0.32989296,0.0
845,1,0.3187619,0.6812381,0.0
846,0,0.7673641,0.23263592,1.0
847,0,0.85514736,0.14485262,1.0
848,0,0.68578553,0.31421444,0.0
849,0,0.87473035,0.12526962,0.0
850,0,0.82225,0.17775002,0.0
851,0,0.9258464,0.074153595,0.0
852,0,0.8145194,0.18548062,0.0
853,0,0.92437327,0.075626716,1.0
854,1,0.31953675,0.68046325,1.0
855,0,0.6916302,0.30836982,1.0
856,0,0.9820599,0.017940123,0.0
857,0,0.95601267,0.04398732,0.0
858,0,0.930006,0.06999396,1.0
859,0,0.8245109,0.17548914,0.0
860,0,0.9845363,0.015463734,0.0
861,0,0.7788861,0.22111389,1.0
862,0,0.9845363,0.015463734,0.0
863,0,0.8330639,0.1669361,0.0
864,0,0.978526,0.021474011,0.0
865,1,0.05455655,0.94544345,1.0
866,1,0.4367097,0.5632903,0.0
867,0,0.93657756,0.063422434,0.0
868,0,0.967069,0.032931022,0.0
869,0,0.9255172,0.074482806,0.0
870,1,0.1914714,0.8085286,1.0
871,1,0.3832636,0.6167364,0.0
872,0,0.8607007,0.1392993,1.0
873,0,0.9467818,0.05321816,0.0
874,0,0.5128319,0.48716804,0.0
875,0,0.96536964,0.03463037,0.0
876,1,0.05707246,0.94292754,0.0
877,0,0.9782497,0.021750275,0.0
878,0,0.8940911,0.105908886,0.0
879,0,0.9305092,0.06949079,0.0
880,0,0.9822958,0.017704204,0.0
881,1,0.06610137,0.9338986,1.0
882,0,0.9549367,0.045063317,0.0
883,0,0.6537299,0.34627005,1.0
884,1,0.22773719,0.7722628,0.0
885,0,0.7189466,0.28105342,1.0
886,0,0.9662533,0.033746697,0.0
887,0,0.83153826,0.16846174,0.0
888,0,0.9425449,0.05745511,0.0
889,0,0.55990744,0.44009256,0.0
890,0,0.9334587,0.0665413,0.0
891,0,0.75843775,0.24156223,0.0
892,0,0.7846851,0.21531494,1.0
893,0,0.94096804,0.059031967,0.0
894,0,0.95136184,0.048638158,0.0
895,0,0.6194964,0.3805036,0.0
896,1,0.4162032,0.5837968,1.0
897,0,0.94108224,0.05891778,0.0
898,0,0.9751848,0.024815215,0.0
899,0,0.9283472,0.07165285,0.0
900,0,0.9275162,0.072483756,0.0
901,0,0.97783417,0.02216583,0.0
902,1,0.23351824,0.76648176,0.0
903,1,0.034603834,0.96539617,1.0
904,0,0.9040622,0.09593777,0.0
905,0,0.9467818,0.05321816,0.0
906,1,0.49513668,0.5048633,1.0
907,0,0.806554,0.19344598,0.0
908,0,0.78728974,0.21271025,0.0
909,0,0.91670114,0.08329888,0.0
910,0,0.9255172,0.074482806,0.0
911,0,0.9846317,0.0153683,0.0
912,0,0.96078104,0.03921899,0.0
913,1,0.41759694,0.58240306,0.0
914,0,0.96548986,0.03451016,0.0
915,0,0.87635154,0.12364846,0.0
916,0,0.93657756,0.063422434,0.0
917,1,0.48956186,0.51043814,1.0
918,0,0.61570656,0.38429344,0.0
919,0,0.97886294,0.021137033,0.0
920,0,0.7536712,0.24632877,0.0
921,0,0.90173554,0.09826447,0.0
922,0,0.90534586,0.09465412,0.0
923,0,0.94108224,0.05891778,1.0
924,0,0.9467818,0.05321816,0.0
925,0,0.8227138,0.1772862,1.0
926,0,0.95756537,0.042434644,0.0
927,0,0.95518076,0.04481922,0.0
928,0,0.83153826,0.16846174,0.0
929,0,0.9255172,0.074482806,0.0
930,0,0.93767697,0.062323052,0.0
931,0,0.9108922,0.08910779,0.0
932,0,0.9142202,0.08577978,0.0
933,0,0.7939805,0.2060195,0.0
934,0,0.93947315,0.060526844,0.0
935,0,0.94096804,0.059031967,0.0
936,0,0.7489555,0.25104454,1.0
937,1,0.33933336,0.66066664,0.0
938,0,0.9258464,0.074153595,0.0
939,0,0.76016676,0.23983327,0.0
940,0,0.9793878,0.020612175,0.0
941,0,0.9012497,0.09875031,0.0
942,1,0.32764864,0.67235136,0.0
943,0,0.899804,0.10019601,0.0
944,0,0.87558377,0.12441622,0.0
945,1,0.21058458,0.7894154,1.0
946,0,0.884048,0.115952015,0.0
947,0,0.9727763,0.02722373,0.0
948,0,0.8036517,0.1963483,0.0
949,1,0.44165373,0.5583463,1.0
950,0,0.94271564,0.05728434,1.0
951,0,0.7759022,0.2240978,0.0
952,0,0.89145386,0.108546115,0.0
953,0,0.7977494,0.20225063,0.0
954,0,0.915722,0.08427798,0.0
955,0,0.96311414,0.03688587,0.0
956,0,0.8449879,0.15501206,0.0
957,0,0.9258464,0.074153595,0.0
958,0,0.9409244,0.059075568,0.0
959,0,0.9465231,0.0534769,0.0
960,0,0.8275674,0.17243259,1.0
961,0,0.7294201,0.27057987,1.0
962,0,0.9258464,0.074153595,0.0
963,0,0.94810045,0.05189957,0.0
964,0,0.8847588,0.11524123,0.0
965,0,0.9255172,0.074482806,0.0
966,0,0.9782497,0.021750275,0.0
967,1,0.37389815,0.62610185,1.0
968,0,0.9451833,0.054816704,0.0
969,0,0.76159525,0.23840474,1.0
970,0,0.930006,0.06999396,0.0
971,0,0.5337254,0.4662746,0.0
972,0,0.94252294,0.057477057,0.0
973,0,0.7435005,0.25649956,0.0
974,0,0.81739414,0.18260589,0.0
975,0,0.94096804,0.059031967,1.0
976,1,0.09135038,0.9086496,1.0
977,0,0.930006,0.06999396,0.0
978,0,0.85594565,0.14405437,0.0
979,0,0.85250354,0.14749648,0.0
980,0,0.8578914,0.1421086,0.0
981,0,0.69615626,0.30384377,0.0
982,1,0.16888142,0.8311186,1.0
983,0,0.93001974,0.06998027,0.0
984,0,0.8036517,0.1963483,0.0
985,0,0.930006,0.06999396,0.0
986,0,0.9558958,0.044104222,0.0
987,0,0.9549897,0.045010317,0.0
988,0,0.9845363,0.015463734,0.0
989,0,0.85580814,0.14419188,0.0
990,0,0.7012996,0.2987004,0.0
991,0,0.82730573,0.17269428,0.0
992,0,0.96510386,0.03489613,0.0
993,0,0.8696616,0.13033839,1.0
994,0,0.96510386,0.03489613,0.0
995,0,0.9305092,0.06949079,0.0
996,0,0.7931794,0.20682062,0.0
997,0,0.9371629,0.06283711,1.0
998,0,0.82173014,0.17826986,0.0
999,0,0.7745375,0.22546251,0.0
1000,0,0.8870436,0.11295642,0.0
1001,0,0.930006,0.06999396,0.0
1002,0,0.7534132,0.24658683,0.0
1003,0,0.9782497,0.021750275,0.0
1004,0,0.89146507,0.1085349,0.0
1005,0,0.7635716,0.2364284,0.0
1006,0,0.74415714,0.25584286,0.0
1007,0,0.94293815,0.057061825,0.0
1008,0,0.6438589,0.35614106,0.0
1009,0,0.8290565,0.17094351,0.0
1010,0,0.90445244,0.09554755,1.0
1011,0,0.9275162,0.072483756,0.0
1012,0,0.6442696,0.35573038,0.0
1013,0,0.70719606,0.29280394,1.0
1014,0,0.9820599,0.017940123,0.0
1015,0,0.93681484,0.06318516,1.0
1016,0,0.9040622,0.09593777,0.0
1017,0,0.9258464,0.074153595,0.0
1018,0,0.89740694,0.10259309,1.0
1019,0,0.899804,0.10019601,0.0
1020,1,0.21732742,0.7826726,1.0
1021,0,0.85749054,0.14250945,0.0
1022,1,0.24403965,0.75596035,0.0
1023,0,0.6836276,0.3163724,1.0
1024,0,0.7913418,0.20865825,0.0
1025,0,0.7238823,0.2761177,0.0
1026,0,0.9166415,0.083358504,0.0
1027,0,0.8495238,0.15047625,1.0
1028,0,0.9166415,0.083358504,0.0
1029,1,0.13245559,0.8675444,0.0
1030,1,0.3367644,0.6632356,0.0
1031,0,0.89740694,0.10259309,0.0
1032,0,0.9255172,0.074482806,0.0
1033,1,0.07502085,0.92497915,1.0
1034,0,0.94096804,0.059031967,0.0
1035,0,0.894473,0.105527,1.0
1036,0,0.603706,0.39629403,0.0
1037,0,0.7970898,0.2029102,0.0
1038,0,0.9782497,0.021750275,0.0
1039,0,0.9258464,0.074153595,0.0
1040,1,0.2279942,0.7720058,1.0
1041,0,0.9845363,0.015463734,0.0
1042,0,0.9186185,0.0813815,0.0
1043,0,0.9308803,0.06911972,0.0
1044,0,0.89740694,0.10259309,0.0
1045,0,0.9209944,0.07900562,0.0
1046,0,0.96311414,0.03688587,0.0
1047,0,0.96510386,0.03489613,0.0
1048,0,0.9255172,0.074482806,0.0
1049,0,0.930006,0.06999396,0.0
1050,0,0.5857907,0.4142093,1.0
1051,0,0.8171211,0.1828789,0.0
1052,0,0.9845363,0.015463734,0.0
1053,1,0.13673466,0.86326534,0.0
1054,0,0.7329921,0.2670079,0.0
1055,0,0.9465231,0.0534769,0.0
1056,0,0.9255172,0.074482806,0.0
1057,0,0.6984153,0.3015847,0.0
1058,0,0.907393,0.09260705,1.0
1059,0,0.830012,0.16998796,0.0
1060,0,0.8705315,0.1294685,0.0
1061,0,0.9329687,0.06703134,0.0
1062,0,0.78512764,0.21487235,0.0
1063,0,0.9258464,0.074153595,0.0
1064,0,0.930006,0.06999396,0.0
1065,1,0.11057389,0.8894261,1.0
1066,0,0.55411047,0.44588953,0.0
1067,0,0.8154061,0.18459393,1.0
1068,0,0.94096804,0.059031967,0.0
1069,0,0.5302508,0.46974924,1.0
1070,0,0.9793482,0.02065182,1.0
1071,0,0.88127536,0.11872467,0.0
1072,0,0.71936345,0.28063652,1.0
1073,0,0.66182923,0.33817074,0.0
1074,0,0.64776707,0.35223296,0.0
1075,0,0.96809876,0.031901248,0.0
1076,0,0.8733865,0.12661347,0.0
1077,0,0.8290565,0.17094351,1.0
1078,1,0.03547722,0.9645228,1.0
1079,0,0.8731523,0.12684768,0.0
1080,0,0.94096804,0.059031967,0.0
1081,0,0.6842762,0.31572378,1.0
1082,0,0.930006,0.06999396,0.0
1083,1,0.47863007,0.52136993,1.0
1084,0,0.839509,0.16049097,0.0
1085,0,0.86883974,0.13116026,0.0
1086,0,0.9860933,0.013906719,0.0
1087,0,0.924706,0.075293995,0.0
1088,0,0.9040622,0.09593777,0.0
1089,0,0.8252264,0.1747736,0.0
1090,1,0.35502046,0.64497954,1.0
1091,0,0.82183427,0.17816573,1.0
1092,0,0.9258464,0.074153595,0.0
1093,0,0.79400116,0.20599884,0.0
1094,0,0.9258464,0.074153595,0.0
1095,0,0.7822988,0.21770118,0.0
1096,0,0.86666137,0.13333863,0.0
1097,0,0.867882,0.13211797,0.0
1098,0,0.930006,0.06999396,0.0
1099,0,0.9718794,0.028120585,0.0
1100,0,0.9308803,0.06911972,0.0
1101,0,0.9212956,0.0787044,1.0
1102,1,0.25709397,0.74290603,0.0
1103,0,0.94096804,0.059031967,0.0
1104,0,0.85250354,0.14749648,0.0
1105,0,0.81696916,0.18303084,0.0
1106,0,0.9465231,0.0534769,0.0
1107,0,0.6054411,0.3945589,0.0
1108,0,0.9465231,0.0534769,0.0
1109,0,0.94271183,0.05728814,0.0
1110,0,0.96811855,0.031881463,0.0
1111,0,0.9251143,0.07488573,0.0
1112,0,0.96076155,0.039238468,0.0
1113,1,0.47359788,0.5264021,0.0
1114,0,0.87473035,0.12526962,1.0
1115,0,0.94934934,0.050650664,0.0
1116,1,0.30677933,0.6932207,1.0
1117,0,0.94096804,0.059031967,0.0
1118,0,0.8644576,0.13554241,0.0
1119,1,0.38240993,0.61759007,1.0
1120,0,0.9782497,0.021750275,0.0
1121,0,0.9845363,0.015463734,0.0
1122,0,0.9258464,0.074153595,0.0
1123,0,0.82225,0.17775002,0.0
1124,0,0.7566073,0.24339272,1.0
1125,0,0.88699305,0.11300693,0.0
1126,1,0.17096698,0.829033,1.0
1127,1,0.073174596,0.9268254,1.0
1128,0,0.899804,0.10019601,0.0
1129,0,0.85432726,0.14567274,0.0
1130,0,0.902775,0.09722503,0.0
1131,0,0.93767697,0.062323052,0.0
1132,1,0.18033856,0.81966144,0.0
1133,0,0.96510386,0.03489613,0.0
1134,0,0.81318927,0.18681075,0.0
1135,0,0.9782497,0.021750275,0.0
1136,0,0.83821905,0.16178092,0.0
1137,0,0.92510235,0.074897625,0.0
1138,0,0.80240387,0.19759612,1.0
1139,0,0.84282434,0.15717566,0.0
1140,0,0.7067069,0.29329312,0.0
1141,0,0.87900925,0.12099072,0.0
1142,1,0.13693655,0.86306345,0.0
1143,0,0.6513246,0.34867537,0.0
1144,0,0.9465231,0.0534769,0.0
1145,0,0.9785734,0.02142662,0.0
1146,0,0.72944784,0.27055213,0.0
1147,1,0.3062964,0.6937036,0.0
1148,0,0.7607184,0.23928158,1.0
1149,0,0.95094985,0.04905014,0.0
1150,0,0.7035137,0.29648632,1.0
1151,1,0.24873883,0.7512612,0.0
1152,0,0.91848683,0.08151314,0.0
1153,0,0.53564787,0.46435216,1.0
1154,0,0.9465231,0.0534769,0.0
1155,0,0.91848683,0.08151314,0.0
1156,0,0.8940911,0.105908886,0.0
1157,0,0.6540581,0.3459419,0.0
1158,0,0.9265629,0.07343708,0.0
1159,0,0.98013794,0.019862033,1.0
1160,0,0.9778709,0.022129137,0.0
1161,0,0.9255172,0.074482806,0.0
1162,0,0.9308803,0.06911972,0.0
1163,1,0.30305356,0.69694644,0.0
1164,0,0.93073213,0.06926789,0.0
1165,0,0.9112377,0.08876227,0.0
1166,0,0.95151466,0.048485324,0.0
1167,1,0.27501446,0.72498554,0.0
1168,0,0.9040622,0.09593777,0.0
1169,0,0.88284737,0.11715265,0.0
1170,0,0.8049381,0.19506189,0.0
1171,0,0.589144,0.41085604,0.0
1172,0,0.9163509,0.08364909,1.0
1173,0,0.84858847,0.15141156,0.0
1174,1,0.018742085,0.9812579,1.0
1175,0,0.98655754,0.013442483,0.0
1176,0,0.89740694,0.10259309,1.0
1177,0,0.9465231,0.0534769,0.0
1178,0,0.8495238,0.15047625,0.0
1179,0,0.9711439,0.028856117,0.0
1180,0,0.97334313,0.026656875,0.0
1181,0,0.6314565,0.36854354,0.0
1182,1,0.08051711,0.9194829,0.0
1183,1,0.3019836,0.6980164,0.0
1184,0,0.98910123,0.0108987745,0.0
1185,1,0.31109935,0.68890065,0.0
1186,0,0.9485811,0.051418897,1.0
1187,0,0.8206427,0.17935728,0.0
1188,0,0.57557654,0.4244235,0.0
1189,0,0.7566073,0.24339272,0.0
1190,0,0.930006,0.06999396,0.0
1191,0,0.95094985,0.04905014,0.0
1192,0,0.61958724,0.38041276,1.0
1193,0,0.9845363,0.015463734,0.0
1194,0,0.94252294,0.057477057,0.0
1195,0,0.54811513,0.45188487,0.0
1196,0,0.892833,0.10716698,0.0
1197,0,0.9510096,0.048990402,0.0
1198,0,0.7018667,0.2981333,0.0
1199,0,0.98537374,0.014626284,0.0
1200,0,0.7416378,0.2583622,1.0
1201,0,0.9616079,0.038392127,0.0
1202,0,0.8710255,0.12897448,0.0
1203,0,0.9429049,0.057095114,0.0
1204,0,0.93288136,0.067118645,0.0
1205,0,0.9344223,0.0655777,0.0
1206,0,0.9334587,0.0665413,0.0
1207,0,0.9258464,0.074153595,0.0
1208,1,0.21381116,0.78618884,0.0
1209,0,0.89740694,0.10259309,0.0
1210,1,0.17398065,0.82601935,1.0
1211,0,0.8885287,0.111471325,0.0
1212,0,0.8268639,0.17313613,1.0
1213,0,0.9465231,0.0534769,0.0
1214,0,0.95136184,0.048638158,0.0
1215,0,0.9558958,0.044104222,0.0
1216,0,0.884048,0.115952015,0.0
1217,0,0.9782497,0.021750275,0.0
1218,0,0.91921234,0.08078769,0.0
1219,0,0.77754074,0.22245924,0.0
1220,0,0.93802094,0.061979074,0.0
1221,0,0.79424053,0.20575945,0.0
1222,0,0.580632,0.419368,1.0
1223,0,0.98257643,0.017423576,0.0
1224,1,0.35170478,0.6482952,1.0
1225,0,0.95929015,0.04070985,0.0
1226,0,0.9380006,0.0619994,0.0
1227,0,0.9041582,0.095841825,0.0
1228,0,0.930006,0.06999396,0.0
1229,1,0.3877741,0.6122259,1.0
1230,0,0.93657756,0.063422434,0.0
1231,0,0.8701746,0.1298254,0.0
1232,0,0.7431067,0.2568933,0.0
1233,0,0.88857234,0.11142765,0.0
1234,1,0.16269088,0.8373091,1.0
1235,0,0.9334587,0.0665413,0.0
1236,0,0.51430666,0.48569334,0.0
1237,0,0.930006,0.06999396,0.0
1238,0,0.7914691,0.20853093,1.0
1239,1,0.07788402,0.922116,1.0
1240,0,0.9465231,0.0534769,0.0
1241,0,0.8132843,0.18671575,0.0
1242,1,0.2695213,0.7304787,0.0
1243,0,0.95094985,0.04905014,0.0
1244,0,0.9255172,0.074482806,0.0
1245,1,0.4995547,0.5004453,1.0
1246,1,0.06351578,0.9364842,1.0
1247,0,0.71375585,0.28624415,1.0
1248,0,0.9845363,0.015463734,0.0
1249,0,0.73681915,0.26318082,0.0
1250,0,0.823518,0.17648202,1.0
1251,0,0.9467818,0.05321816,0.0
1252,0,0.9040622,0.09593777,0.0
1253,0,0.5358236,0.46417642,1.0
1254,0,0.9845363,0.015463734,0.0
1255,0,0.9845363,0.015463734,0.0
1256,1,0.4939236,0.5060764,1.0
1257,0,0.9258464,0.074153595,0.0
1258,0,0.930006,0.06999396,0.0
1259,0,0.9465231,0.0534769,0.0
1260,0,0.81696916,0.18303084,0.0
1261,0,0.93947315,0.060526844,0.0
1262,0,0.930006,0.06999396,0.0
1263,0,0.85250354,0.14749648,0.0
1264,0,0.9782497,0.021750275,0.0
1265,0,0.9378891,0.062110923,0.0
1266,0,0.9558958,0.044104222,0.0
1267,0,0.9465231,0.0534769,0.0
1268,0,0.7566073,0.24339272,0.0
1269,1,0.22662812,0.7733719,0.0
1270,0,0.87065744,0.12934256,0.0
1271,0,0.90998495,0.09001504,0.0
1272,1,0.36491835,0.63508165,1.0
1273,0,0.59422356,0.40577644,1.0
1274,0,0.9040622,0.09593777,0.0
1275,0,0.9255172,0.074482806,0.0
1276,0,0.61210865,0.38789135,1.0
1277,0,0.94823927,0.051760726,0.0
1278,1,0.49630755,0.50369245,0.0
1279,0,0.83525956,0.16474044,0.0
1280,0,0.8527247,0.14727536,0.0
1281,0,0.9107616,0.08923842,0.0
1282,0,0.7342633,0.26573667,0.0
1283,1,0.43971562,0.5602844,0.0
1284,0,0.802331,0.19766904,0.0
1285,0,0.6498362,0.35016385,0.0
1286,0,0.9467818,0.05321816,0.0
1287,0,0.930006,0.06999396,0.0
1288,0,0.78426474,0.21573527,0.0
1289,0,0.5669388,0.43306118,0.0
1290,0,0.9467818,0.05321816,0.0
1291,1,0.26749074,0.73250926,1.0
1292,0,0.9240818,0.075918205,0.0
1293,0,0.6062595,0.39374048,1.0
1294,0,0.551528,0.44847202,0.0
1295,0,0.9258464,0.074153595,0.0
1296,0,0.80672467,0.19327533,0.0
1297,0,0.82778096,0.17221902,0.0
1298,0,0.9258464,0.074153595,0.0
1299,0,0.9255172,0.074482806,0.0
1300,0,0.9166415,0.083358504,0.0
1301,0,0.93947315,0.060526844,0.0
1302,0,0.766123,0.23387699,0.0
1303,0,0.7408203,0.2591797,1.0
1304,0,0.82700634,0.17299366,1.0
1305,0,0.9276268,0.072373234,0.0
1306,0,0.6466782,0.3533218,0.0
1307,1,0.37698132,0.6230187,1.0
1308,0,0.7153055,0.2846945,1.0
1309,0,0.8806341,0.11936586,0.0
1310,0,0.93112475,0.068875246,0.0
1311,0,0.930006,0.06999396,0.0
1312,1,0.03438729,0.9656127,1.0
1313,0,0.97334313,0.026656875,1.0
1314,0,0.9465231,0.0534769,1.0
1315,0,0.874309,0.12569098,0.0
1316,0,0.9558958,0.044104222,0.0
1317,0,0.8422736,0.1577264,0.0
1318,0,0.63852215,0.36147782,0.0
1319,1,0.06036526,0.93963474,1.0
1320,0,0.93657756,0.063422434,0.0
1321,0,0.874218,0.12578198,0.0
1322,0,0.92920434,0.07079564,1.0
1323,0,0.7592262,0.24077377,0.0
1324,0,0.94096804,0.059031967,0.0
1325,0,0.5143971,0.48560292,1.0
1326,0,0.76016986,0.23983014,0.0
1327,0,0.87473035,0.12526962,0.0
1328,0,0.9258464,0.074153595,1.0
1329,0,0.9879508,0.012049175,0.0
1330,0,0.94711363,0.052886378,0.0
1331,0,0.76452863,0.23547134,0.0
1332,0,0.8175065,0.18249351,1.0
1333,0,0.9465231,0.0534769,0.0
1334,0,0.8684406,0.13155937,0.0
1335,0,0.8290565,0.17094351,0.0
1336,0,0.9466806,0.0533194,1.0
1337,0,0.94810045,0.05189957,0.0
1338,0,0.91336536,0.086634636,0.0
1339,0,0.7673641,0.23263592,0.0
1340,0,0.8748728,0.12512723,0.0
1341,0,0.9544864,0.045513574,0.0
1342,0,0.85904384,0.14095618,0.0
1343,1,0.35519516,0.64480484,1.0
1344,0,0.7185366,0.28146335,0.0
1345,0,0.82604367,0.17395632,0.0
1346,0,0.8260723,0.17392774,0.0
1347,0,0.9766615,0.02333849,0.0
1348,0,0.6847732,0.31522682,0.0
1349,0,0.93001974,0.06998027,0.0
1350,0,0.930006,0.06999396,0.0
1351,0,0.9305092,0.06949079,0.0
1352,0,0.87065744,0.12934256,0.0
1353,0,0.9465231,0.0534769,0.0
1354,1,0.14174163,0.85825837,1.0
1355,0,0.9867053,0.013294707,0.0
1356,0,0.85846096,0.14153904,0.0
1357,0,0.9782497,0.021750275,0.0
1358,0,0.84858847,0.15141156,0.0
1359,0,0.7673641,0.23263592,0.0
1360,0,0.96311414,0.03688587,0.0
1361,0,0.9845363,0.015463734,0.0
1362,1,0.13434142,0.8656586,0.0
1363,0,0.6491152,0.35088477,0.0
1364,0,0.9014803,0.098519705,0.0
1365,0,0.9865048,0.013495203,0.0
1366,0,0.8250132,0.17498676,1.0
1367,0,0.8576342,0.14236583,0.0
1368,0,0.88651866,0.11348134,0.0
1369,0,0.95192444,0.048075546,0.0
1370,0,0.9258464,0.074153595,0.0
1371,0,0.74552214,0.25447783,0.0
1372,0,0.9254475,0.074552484,0.0
1373,0,0.89216316,0.107836865,1.0
1374,1,0.27405107,0.7259489,1.0
1375,0,0.7048585,0.29514152,0.0
1376,0,0.8164619,0.1835381,0.0
1377,0,0.93774885,0.06225117,0.0
1378,0,0.930006,0.06999396,0.0
1379,0,0.95094985,0.04905014,0.0
1380,0,0.9465231,0.0534769,0.0
1381,0,0.89911,0.10088998,0.0
1382,1,0.46568817,0.53431183,1.0
1383,0,0.91868263,0.08131736,0.0
1384,0,0.9505164,0.04948362,0.0
1385,0,0.9262559,0.07374412,0.0
1386,0,0.90790796,0.09209205,0.0
1387,0,0.9258464,0.074153595,0.0
1388,0,0.57915056,0.4208494,1.0
1389,0,0.8455188,0.15448117,0.0
1390,0,0.95094985,0.04905014,0.0
1391,0,0.930006,0.06999396,0.0
1392,0,0.7681779,0.23182206,1.0
1393,0,0.9467818,0.05321816,0.0
1394,0,0.7403862,0.2596138,1.0
1395,0,0.9782497,0.021750275,0.0
1396,0,0.930006,0.06999396,1.0
1397,0,0.93845135,0.061548676,0.0
1398,0,0.604954,0.39504597,0.0
1399,0,0.9473534,0.052646566,0.0
1400,0,0.930006,0.06999396,0.0
1401,0,0.5098487,0.4901513,0.0
1402,0,0.582625,0.41737503,1.0
1403,0,0.78157884,0.21842115,0.0
1404,0,0.9465231,0.0534769,0.0
1405,0,0.9258464,0.074153595,0.0
1406,0,0.9258464,0.074153595,0.0
1407,0,0.86531454,0.13468546,0.0
1408,0,0.68211055,0.31788948,1.0
1409,0,0.8015442,0.1984558,0.0
1410,1,0.29853094,0.70146906,1.0
1411,0,0.96510386,0.03489613,0.0
1412,0,0.59261906,0.40738094,1.0
1413,0,0.98142564,0.018574342,0.0
1414,0,0.9482629,0.051737152,0.0
1415,1,0.104947925,0.8950521,1.0
1416,0,0.87036127,0.12963875,0.0
1417,0,0.96196604,0.03803395,0.0
1418,0,0.77955014,0.22044988,1.0
1419,0,0.9125874,0.08741257,0.0
1420,0,0.91395366,0.08604637,0.0
1421,0,0.8077595,0.1922405,0.0
1422,1,0.30595958,0.6940404,1.0
1423,0,0.9701704,0.029829616,0.0
1424,1,0.3339457,0.6660543,0.0
1425,0,0.66211283,0.3378872,0.0
1426,0,0.9782497,0.021750275,0.0
1427,0,0.930006,0.06999396,0.0
1428,0,0.53923297,0.460767,0.0
1429,0,0.96510386,0.03489613,0.0
1430,0,0.89740694,0.10259309,0.0
1431,0,0.9016446,0.09835538,0.0
1432,0,0.7227688,0.27723125,0.0
1433,0,0.63664687,0.36335313,0.0
1434,0,0.9737255,0.026274508,0.0
1435,0,0.96510386,0.03489613,0.0
1436,0,0.899804,0.10019601,0.0
1437,0,0.9040622,0.09593777,0.0
1438,0,0.9166415,0.083358504,0.0
1439,0,0.9638539,0.03614613,1.0
1440,0,0.5737047,0.42629528,0.0
1441,0,0.6463398,0.35366023,0.0
1442,0,0.91319454,0.08680545,0.0
1443,1,0.42364872,0.5763513,0.0
1444,1,0.09832662,0.9016734,1.0
1445,0,0.78037167,0.2196283,0.0
1446,0,0.62064755,0.37935242,0.0
1447,1,0.4958573,0.5041427,0.0
1448,0,0.9127569,0.08724307,0.0
1449,0,0.54496306,0.45503694,0.0
1450,0,0.90471005,0.095289946,0.0
1451,0,0.7587183,0.2412817,0.0
1452,0,0.930006,0.06999396,0.0
1453,0,0.92787665,0.07212333,0.0
1454,0,0.83039,0.16961002,1.0
1455,0,0.60875624,0.39124376,0.0
1456,0,0.87065744,0.12934256,0.0
1457,0,0.85749054,0.14250945,0.0
1458,0,0.9845363,0.015463734,0.0
1459,0,0.81708777,0.18291226,0.0
1460,0,0.9454901,0.05450986,0.0
1461,0,0.8122617,0.18773833,0.0
1462,0,0.7852099,0.21479014,0.0
1463,0,0.93657756,0.063422434,0.0
1464,0,0.9845363,0.015463734,0.0
1465,0,0.86531454,0.13468546,0.0
1466,1,0.17251927,0.82748073,0.0
1467,0,0.84711826,0.15288174,0.0
1468,0,0.94422543,0.05577459,1.0
1469,0,0.9782497,0.021750275,0.0
1470,0,0.86681116,0.13318881,0.0
1471,0,0.8701746,0.1298254,1.0
1472,0,0.6635627,0.33643728,0.0
1473,1,0.20633519,0.7936648,0.0
1474,0,0.9258464,0.074153595,0.0
1475,0,0.9258464,0.074153595,0.0
1476,0,0.8372341,0.16276592,0.0
1477,0,0.9258464,0.074153595,0.0
1478,1,0.23678142,0.7632186,0.0
1479,0,0.9334587,0.0665413,0.0
1480,0,0.83108354,0.16891643,0.0
1481,0,0.83821905,0.16178092,1.0
1482,0,0.92617005,0.07382993,0.0
1483,1,0.38121885,0.61878115,1.0
1484,0,0.73180425,0.26819578,0.0
1485,0,0.9782497,0.021750275,0.0
1486,0,0.5838802,0.41611978,0.0
1487,0,0.77365285,0.22634715,0.0
1488,0,0.9782497,0.021750275,0.0
1489,0,0.9482629,0.051737152,0.0
1490,0,0.5541207,0.44587928,0.0
1491,0,0.6804441,0.3195559,1.0
1492,0,0.81801593,0.18198408,0.0
1493,0,0.8819555,0.11804452,0.0
1494,0,0.9338389,0.066161096,0.0
1495,0,0.9923842,0.007615803,0.0
1496,0,0.81278527,0.18721476,0.0
1497,0,0.6931778,0.3068222,0.0
1498,0,0.81696916,0.18303084,1.0
1499,0,0.58689404,0.413106,0.0
1500,0,0.9255172,0.074482806,1.0
1501,0,0.80322236,0.19677764,1.0
1502,0,0.71182907,0.28817093,0.0
1503,0,0.9069339,0.09306611,0.0
1504,0,0.9148769,0.085123144,0.0
1505,0,0.9223436,0.077656396,0.0
1506,0,0.70594454,0.29405543,0.0
1507,0,0.79608876,0.20391123,0.0
1508,0,0.62176526,0.3782347,1.0
1509,0,0.9782497,0.021750275,0.0
1510,0,0.9255172,0.074482806,0.0
1511,1,0.10073501,0.899265,0.0
1512,0,0.7135608,0.28643915,0.0
1513,0,0.5471233,0.45287672,0.0
1514,0,0.94096804,0.059031967,0.0
1515,0,0.9115164,0.088483565,0.0
1516,0,0.94121915,0.058780868,0.0
1517,0,0.899804,0.10019601,0.0
1518,1,0.42257434,0.57742566,1.0
1519,1,0.43710554,0.56289446,1.0
1520,0,0.83273876,0.16726124,1.0
1521,0,0.71678823,0.28321177,0.0
1522,0,0.9308803,0.06911972,0.0
1523,0,0.91972554,0.08027445,0.0
1524,0,0.50904953,0.4909505,0.0
1525,0,0.9298645,0.07013546,1.0
1526,0,0.77277344,0.22722656,0.0
1527,0,0.9684757,0.031524315,1.0
1528,0,0.6869048,0.31309518,0.0
1529,0,0.76939416,0.23060583,0.0
1530,0,0.927952,0.07204802,1.0
1531,0,0.7431067,0.2568933,1.0
1532,0,0.9258464,0.074153595,0.0
1533,0,0.9687381,0.03126189,0.0
1534,1,0.43799883,0.56200117,0.0
1535,0,0.74691755,0.25308245,1.0
1536,0,0.78187835,0.21812165,1.0
1537,1,0.37573463,0.6242654,0.0
1538,0,0.6862552,0.31374478,0.0
1539,0,0.54041207,0.4595879,0.0
1540,0,0.9255172,0.074482806,0.0
1541,1,0.25700152,0.7429985,0.0
1542,0,0.93460405,0.06539596,1.0
1543,0,0.9040622,0.09593777,0.0
1544,0,0.8647332,0.1352668,0.0
1545,0,0.87347186,0.12652813,0.0
1546,1,0.36714464,0.63285536,1.0
1547,1,0.14828068,0.8517193,0.0
1548,1,0.3074193,0.6925807,0.0
1549,1,0.41874737,0.58125263,0.0
1550,0,0.8109962,0.18900383,0.0
1551,0,0.9465231,0.0534769,0.0
1552,0,0.930006,0.06999396,0.0
1553,0,0.8857021,0.11429791,0.0
1554,0,0.9782497,0.021750275,0.0
1555,1,0.41227514,0.58772486,1.0
1556,0,0.9465231,0.0534769,0.0
1557,0,0.9014254,0.098574586,0.0
1558,0,0.7849431,0.21505691,1.0
1559,0,0.96590835,0.034091678,1.0
1560,0,0.7544257,0.24557431,0.0
1561,0,0.7553341,0.24466592,1.0
1562,0,0.9227151,0.077284865,0.0
1563,0,0.930006,0.06999396,0.0
1564,0,0.93657756,0.063422434,0.0
1565,0,0.93657756,0.063422434,0.0
1566,0,0.9258464,0.074153595,0.0
1567,0,0.9326427,0.067357294,0.0
1568,0,0.8535721,0.14642794,0.0
1569,0,0.9544441,0.04555587,0.0
1570,1,0.031596184,0.9684038,1.0
1571,0,0.9275162,0.072483756,0.0
1572,0,0.97999275,0.020007228,0.0
1573,1,0.11435413,0.88564587,1.0
1574,0,0.9721826,0.027817452,0.0
1575,0,0.9377945,0.06220548,0.0
1576,0,0.90464616,0.09535383,1.0
1577,1,0.04496056,0.95503944,1.0
1578,0,0.7468382,0.25316182,0.0
1579,1,0.32606852,0.6739315,0.0
1580,0,0.8666358,0.13336419,0.0
1581,0,0.8199838,0.18001622,0.0
1582,0,0.91937625,0.080623776,0.0
1583,0,0.9782497,0.021750275,0.0
1584,0,0.9724922,0.027507786,0.0
1585,0,0.64068604,0.359314,0.0
1586,0,0.71009326,0.28990674,0.0
1587,0,0.9010905,0.0989095,1.0
1588,0,0.85749054,0.14250945,0.0
1589,0,0.9465231,0.0534769,0.0
1590,0,0.8326472,0.16735283,0.0
1591,0,0.8610355,0.13896447,0.0
1592,1,0.059087217,0.9409128,1.0
1593,0,0.9040622,0.09593777,0.0
1594,0,0.8975293,0.10247069,0.0
1595,0,0.9077894,0.09221057,0.0
1596,1,0.35504228,0.6449577,1.0
1597,1,0.2751425,0.7248575,0.0
1598,0,0.7299545,0.27004555,1.0
1599,0,0.9465231,0.0534769,0.0
1600,0,0.891734,0.108265996,1.0
1601,0,0.8830788,0.11692118,0.0
1602,0,0.5636891,0.43631092,0.0
1603,0,0.9334587,0.0665413,1.0
1604,1,0.48104572,0.5189543,1.0
1605,0,0.8026443,0.19735569,0.0
1606,0,0.9465231,0.0534769,1.0
1607,0,0.5359861,0.46401387,1.0
1608,0,0.7481176,0.25188237,0.0
1609,0,0.93073213,0.06926789,0.0
1610,0,0.9465231,0.0534769,0.0
1611,0,0.83400345,0.16599658,1.0
1612,1,0.18100148,0.8189985,0.0
1613,0,0.9255172,0.074482806,0.0
1614,0,0.89526284,0.10473717,0.0
1615,0,0.9825745,0.017425478,0.0
1616,0,0.94096804,0.059031967,0.0
1617,0,0.9845363,0.015463734,0.0
1618,0,0.8332957,0.16670431,1.0
1619,0,0.5225493,0.4774507,1.0
1620,0,0.72045517,0.2795448,0.0
1621,0,0.931954,0.06804596,0.0
1622,0,0.94096804,0.059031967,0.0
1623,0,0.8782079,0.121792056,0.0
1624,0,0.84711826,0.15288174,0.0
1625,0,0.93820006,0.061799917,1.0
1626,0,0.9125885,0.08741149,0.0
1627,0,0.9475041,0.052495923,1.0
1628,1,0.08414841,0.9158516,0.0
1629,0,0.9022895,0.09771046,0.0
1630,0,0.891009,0.10899104,1.0
1631,0,0.930006,0.06999396,0.0
1632,0,0.9773063,0.022693718,0.0
1633,0,0.75924873,0.24075124,0.0
1634,0,0.92155087,0.0784491,0.0
1635,0,0.9465231,0.0534769,0.0
1636,0,0.9377692,0.062230814,0.0
1637,1,0.25044984,0.74955016,1.0
1638,0,0.9301009,0.06989907,0.0
1639,0,0.930006,0.06999396,0.0
1640,1,0.28086567,0.71913433,1.0
1641,0,0.6240158,0.37598416,1.0
1642,0,0.63196534,0.36803466,1.0
1643,0,0.94096804,0.059031967,0.0
1644,0,0.5848309,0.4151691,0.0
1645,0,0.8105561,0.18944387,0.0
1646,0,0.95579356,0.044206444,1.0
1647,0,0.90780455,0.09219546,0.0
1648,0,0.930006,0.06999396,0.0
1649,0,0.9465231,0.0534769,0.0
1650,0,0.930006,0.06999396,0.0
1651,0,0.930006,0.06999396,0.0
1652,0,0.9776065,0.022393538,0.0
1653,0,0.9040622,0.09593777,0.0
1654,0,0.9125874,0.08741257,1.0
1655,0,0.942923,0.05707699,0.0
1656,0,0.7663593,0.23364066,0.0
1657,0,0.96510386,0.03489613,0.0
1658,0,0.7544257,0.24557431,0.0
1659,0,0.9399443,0.06005569,0.0
1660,0,0.93767697,0.062323052,0.0
1661,0,0.9020352,0.097964816,1.0
1662,0,0.94096804,0.059031967,0.0
1663,0,0.9558958,0.044104222,0.0
1664,0,0.8164619,0.1835381,1.0
1665,0,0.9255172,0.074482806,0.0
1666,0,0.89740694,0.10259309,0.0
1667,0,0.9258464,0.074153595,0.0
1668,0,0.8981214,0.101878606,0.0
1669,0,0.9723485,0.027651481,0.0
1670,0,0.6697167,0.33028328,0.0
1671,0,0.95094985,0.04905014,0.0
1672,0,0.72866017,0.27133983,0.0
1673,0,0.89740694,0.10259309,0.0
1674,0,0.8232995,0.1767005,1.0
1675,0,0.97334313,0.026656875,0.0
1676,0,0.9334587,0.0665413,0.0
1677,0,0.9258464,0.074153595,0.0
1678,0,0.91670114,0.08329888,0.0
1679,0,0.9822867,0.01771331,0.0
1680,0,0.96510386,0.03489613,0.0
1681,1,0.14595723,0.85404277,1.0
1682,0,0.884048,0.115952015,0.0
1683,0,0.7135108,0.2864892,0.0
1684,0,0.817833,0.182167,0.0
1685,1,0.10228288,0.8977171,1.0
1686,0,0.9212163,0.07878369,0.0
1687,0,0.96602845,0.033971574,0.0
1688,0,0.95094985,0.04905014,1.0
1689,0,0.65490234,0.34509763,0.0
1690,0,0.6505979,0.34940213,0.0
1691,0,0.9829681,0.017031908,0.0
1692,0,0.88982886,0.110171154,0.0
1693,0,0.889983,0.11001699,0.0
1694,0,0.88208103,0.11791899,1.0
1695,0,0.9113247,0.088675335,1.0
1696,0,0.9040622,0.09593777,0.0
1697,0,0.97334313,0.026656875,0.0
1698,0,0.8931482,0.10685183,0.0
1699,0,0.97550005,0.024499966,0.0
1700,1,0.42841154,0.57158846,1.0
1701,0,0.83411,0.16588996,0.0
1702,0,0.9258464,0.074153595,0.0
1703,1,0.47851968,0.5214803,0.0
1704,0,0.9030725,0.096927516,0.0
1705,0,0.8164619,0.1835381,0.0
1706,0,0.85599095,0.14400904,0.0
1707,1,0.036130548,0.96386945,1.0
1708,0,0.87774605,0.12225398,0.0
1709,0,0.5396875,0.46031252,1.0
1710,0,0.74430585,0.25569415,0.0
1711,0,0.8985036,0.10149639,0.0
1712,0,0.8229367,0.1770633,0.0
1713,0,0.9258464,0.074153595,0.0
1714,0,0.9465231,0.0534769,0.0
1715,0,0.7730564,0.22694358,0.0
1716,0,0.68149066,0.3185093,0.0
1717,0,0.9507725,0.04922749,0.0
1718,0,0.89740694,0.10259309,0.0
1719,0,0.9255172,0.074482806,1.0
1720,1,0.23989451,0.7601055,0.0
1721,1,0.49584222,0.5041578,1.0
1722,0,0.93767697,0.062323052,0.0
1723,0,0.6506452,0.3493548,0.0
1724,0,0.9820599,0.017940123,0.0
1725,0,0.962881,0.037118953,0.0
1726,1,0.018748164,0.98125184,1.0
1727,0,0.9258464,0.074153595,0.0
1728,0,0.91848683,0.08151314,0.0
1729,0,0.85250354,0.14749648,0.0
1730,0,0.8463582,0.15364179,0.0
1731,0,0.8610355,0.13896447,0.0
1732,1,0.45023203,0.549768,1.0
1733,0,0.9782497,0.021750275,0.0
1734,0,0.9465231,0.0534769,0.0
1735,0,0.6934133,0.30658668,0.0
1736,0,0.8448527,0.15514728,0.0
1737,0,0.6664927,0.33350727,0.0
1738,0,0.8664381,0.13356192,1.0
1739,0,0.9727763,0.02722373,0.0
1740,1,0.47994924,0.52005076,0.0
1741,0,0.58327705,0.41672295,0.0
1742,0,0.88391775,0.11608224,1.0
1743,0,0.9482629,0.051737152,0.0
1744,0,0.9474952,0.052504778,0.0
1745,0,0.9166415,0.083358504,0.0
1746,0,0.98085433,0.01914566,0.0
1747,0,0.9592267,0.04077325,0.0
1748,0,0.9255172,0.074482806,0.0
1749,0,0.8404149,0.15958513,0.0
1750,0,0.9727763,0.02722373,0.0
1751,0,0.9040622,0.09593777,0.0
1752,0,0.83384764,0.16615234,0.0
1753,0,0.9258464,0.074153595,0.0
1754,1,0.46569073,0.53430927,0.0
1755,0,0.94096804,0.059031967,0.0
1756,0,0.9258464,0.074153595,0.0
1757,0,0.82688445,0.17311554,0.0
1758,0,0.9465231,0.0534769,0.0
1759,0,0.54816794,0.4518321,0.0
1760,0,0.81849205,0.18150796,0.0
1761,0,0.9331338,0.06686622,0.0
1762,0,0.672873,0.32712698,1.0
1763,0,0.5975777,0.40242228,1.0
1764,0,0.8600277,0.13997236,0.0
1765,0,0.9295786,0.070421375,1.0
1766,0,0.8143958,0.18560418,1.0
1767,0,0.94186187,0.058138147,0.0
1768,0,0.85862386,0.14137612,0.0
1769,0,0.9435956,0.056404397,0.0
1770,1,0.3789065,0.6210935,0.0
1771,0,0.8557997,0.14420033,1.0
1772,0,0.9206452,0.079354815,0.0
1773,0,0.9040622,0.09593777,0.0
1774,0,0.8495238,0.15047625,1.0
1775,1,0.08865583,0.9113442,0.0
1776,0,0.6862552,0.31374478,0.0
